A,B,C,Y,Label
0.4334293305873871,0.6846595406532288,0.1002640426158905,0.5544773936271667,5
0.596584141254425,0.4272749423980713,0.9723019003868103,0.3444303870201111,3
0.8848754167556763,0.5665864944458008,0.014993995428085327,0.5557903051376343,5
0.14504502713680267,0.42758405208587646,0.7562872171401978,0.22895917296409607,2
0.2379642128944397,0.6849347352981567,0.34828731417655945,0.48164835572242737,4
0.2690814435482025,0.36728930473327637,0.5420541763305664,0.25711533427238464,2
0.4041654169559479,0.48717549443244934,0.07371722161769867,0.3950783908367157,3
0.6125257611274719,0.5975129008293152,0.5568946003913879,0.4912503659725189,4
0.9903206825256348,0.8213215470314026,0.09527825564146042,0.8032680749893188,7
0.2081148624420166,0.14317040145397186,0.27388131618499756,0.17813418805599213,1
0.5267256498336792,0.012241913005709648,0.6633338332176208,0.2282112091779709,2
0.1873651146888733,0.017032001167535782,0.975981593132019,0.11031492054462433,0
0.9198421239852905,0.3771778643131256,0.9718359708786011,0.37968647480010986,3
0.558906614780426,0.48378387093544006,0.11210372298955917,0.42748376727104187,4
0.7293689846992493,0.33987292647361755,0.8245555758476257,0.3368116617202759,3
0.28328099846839905,0.19395282864570618,0.8638193607330322,0.17560645937919617,1
0.5318091511726379,0.6820533871650696,0.523723840713501,0.547545850276947,5
0.7095136642456055,0.028371859341859818,0.35775965452194214,0.28764069080352783,2
0.41122379899024963,0.8078100085258484,0.28637614846229553,0.6584697365760803,6
0.24942883849143982,0.5350629687309265,0.28099414706230164,0.36857208609580994,3
0.05823523551225662,0.580460786819458,0.9749670624732971,0.27048662304878235,2
0.806238055229187,0.18101175129413605,0.20700696110725403,0.3373846113681793,3
0.5462097525596619,0.958594799041748,0.20865567028522491,0.8729038834571838,8
0.9684793949127197,0.43122076988220215,0.09033284336328506,0.47552216053009033,4
0.18795961141586304,0.4624041020870209,0.5704502463340759,0.2793635427951813,2
0.2561265230178833,0.7506967782974243,0.8568979501724243,0.5166332721710205,5
0.2111673802137375,0.11242251843214035,0.9555447697639465,0.12876594066619873,1
0.37338078022003174,0.17955823242664337,0.5389987826347351,0.2197548896074295,1
0.1713409721851349,0.1417844444513321,0.5260208249092102,0.14710791409015656,1
0.5787729620933533,0.5950523018836975,0.17189759016036987,0.507594645023346,4
0.4326469302177429,0.3598726689815521,0.1621244102716446,0.3249075412750244,3
0.8438364863395691,0.35220906138420105,0.593595564365387,0.3792543411254883,3
0.9280210137367249,0.09183841198682785,0.138362854719162,0.3474784791469574,3
0.9665137529373169,0.9738805890083313,0.5754237174987793,0.9492046236991882,9
0.16979122161865234,0.2908778488636017,0.7526829838752747,0.1743173897266388,1
0.728252112865448,0.9330183267593384,0.3214101195335388,0.8712621331214905,8
0.6786072850227356,0.34999579191207886,0.946871817111969,0.3232859969139099,3
0.6231110095977783,0.7278214693069458,0.9619365930557251,0.5812610387802124,5
0.09478562325239182,0.672360360622406,0.8080295920372009,0.38008230924606323,3
0.9523476958274841,0.884736955165863,0.6092198491096497,0.8345783948898315,8
0.6887598037719727,0.65619295835495,0.8376213312149048,0.5371584892272949,5
0.19872522354125977,0.8833760619163513,0.739873468875885,0.6483088731765747,6
0.3453551232814789,0.20254680514335632,0.1642676144838333,0.24270521104335785,2
0.34301143884658813,0.8675363659858704,0.7489418983459473,0.6757342219352722,6
0.5597651600837708,0.43498387932777405,0.9908695816993713,0.339572548866272,3
0.027925631031394005,0.9668797850608826,0.3989037275314331,0.6810694336891174,6
0.9815265536308289,0.7175682187080383,0.327261358499527,0.6804047226905823,6
0.6294204592704773,0.372825562953949,0.8648517727851868,0.32959163188934326,3
0.6671064496040344,0.7200941443443298,0.7822102308273315,0.5948575735092163,5
0.9689979553222656,0.2868013083934784,0.6681385636329651,0.36838024854660034,3
0.33171579241752625,0.7601948976516724,0.9027762413024902,0.5463066101074219,5
0.1546630710363388,0.7275829911231995,0.631938636302948,0.4714333117008209,4
0.2755376398563385,0.3615908920764923,0.4579315185546875,0.26199376583099365,2
0.8168338537216187,0.80424964427948,0.07570771872997284,0.7558081150054932,7
0.8900067806243896,0.638277530670166,0.3583838641643524,0.5912531018257141,5
0.9851683974266052,0.5092138648033142,0.4330783188343048,0.5042837262153625,4
0.2886148989200592,0.2633439302444458,0.6489429473876953,0.21261434257030487,1
0.15463928878307343,0.5891229510307312,0.8888928890228271,0.33332908153533936,3
0.6533203125,0.9955149292945862,0.9899847507476807,0.8919180035591125,8
0.9294012784957886,0.9477276802062988,0.04254185035824776,0.9448858499526978,9
0.6534905433654785,0.41792020201683044,0.6770444512367249,0.37072983384132385,3
0.23610344529151917,0.4307440519332886,0.1097080260515213,0.3085472881793976,2
0.6091055274009705,0.7017894387245178,0.7586105465888977,0.5670874118804932,5
0.32879334688186646,0.7747625112533569,0.589890718460083,0.5810742974281311,5
0.9510689973831177,0.0,0.5033484101295471,0.32155880331993103,2
0.7336171269416809,0.2906763255596161,0.5719963908195496,0.3337917923927307,3
0.7847566604614258,0.8516899943351746,0.34700891375541687,0.7839992642402649,7
0.9292447566986084,0.11607629805803299,0.8643435835838318,0.30285876989364624,2
0.9873470067977905,0.6026701331138611,0.0977482721209526,0.595901370048523,5
0.061956118792295456,0.8672844171524048,0.9614408016204834,0.5495759844779968,5
0.33726489543914795,0.3445117175579071,0.11226411908864975,0.2954608201980591,2
0.9082529544830322,0.516059160232544,0.3127596974372864,0.5038028359413147,4
0.3713623881340027,0.015224849805235863,0.6841952204704285,0.18824781477451324,1
0.4022802710533142,0.600523829460144,0.23902058601379395,0.46547675132751465,4
0.596405029296875,0.012928562238812447,0.8803884983062744,0.22926026582717896,2
0.8456392288208008,0.970498263835907,0.7545327544212341,0.9118564128875732,9
0.3303973376750946,0.9088419675827026,0.9347485303878784,0.7085000276565552,6
0.2667439877986908,0.49879154562950134,0.4116623103618622,0.34065696597099304,3
0.022497370839118958,0.947674572467804,0.26554372906684875,0.6598494648933411,6
0.05073456093668938,0.7163920998573303,0.8334933519363403,0.3915848731994629,3
0.4587080776691437,0.7086235880851746,0.9128312468528748,0.5289943814277649,5
0.8406931161880493,0.31976518034935,0.0959804430603981,0.397232323884964,3
0.06628957390785217,0.6115016341209412,0.09793485701084137,0.35861945152282715,3
0.8679742813110352,0.6432740092277527,0.6152294874191284,0.5745547413825989,5
0.037188947200775146,0.20209410786628723,0.3459702432155609,0.09951301664113998,0
0.540419340133667,0.9165101051330566,0.08232808113098145,0.8276017904281616,8
0.6516253352165222,0.4846149682998657,0.6151197552680969,0.41443103551864624,3
0.20026160776615143,0.8976268172264099,0.01299997791647911,0.7139734625816345,7
0.18124254047870636,0.07592500001192093,0.12045445293188095,0.1683945506811142,1
0.7281919121742249,0.5403283834457397,0.023809513077139854,0.5069063305854797,4
0.8141259551048279,0.10896654427051544,0.12942367792129517,0.33009108901023865,3
0.8472582101821899,0.6840044260025024,0.28893110156059265,0.6283900141716003,6
0.41877585649490356,0.5475519895553589,0.34264665842056274,0.42249295115470886,4
0.6049689650535583,0.9814497828483582,0.2902529835700989,0.9097824692726135,9
0.4433034360408783,0.7287208437919617,0.5988938808441162,0.565200924873352,5
0.1342870593070984,0.1343468278646469,0.8812320232391357,0.10640621185302734,0
0.4971701502799988,0.9223595857620239,0.5004384517669678,0.7970197200775146,7
0.1648133099079132,0.6565232276916504,0.48381778597831726,0.42018264532089233,4
0.6945968866348267,0.6167507767677307,0.9077994227409363,0.500331461429596,4
0.4819079339504242,0.01651090197265148,0.6549583077430725,0.21837107837200165,1
0.6976125240325928,0.7385872006416321,0.33199167251586914,0.6487804055213928,6
0.3193010985851288,0.7172188758850098,0.23104237020015717,0.545128583908081,5
0.4743998646736145,0.711006760597229,0.6401362419128418,0.5531542897224426,5
0.3134753704071045,0.29305729269981384,0.3377422094345093,0.25177741050720215,2
0.2981621026992798,0.32533425092697144,0.32874226570129395,0.26103800535202026,2
0.16590048372745514,0.5790609121322632,0.5119926333427429,0.3552098274230957,3
0.7173301577568054,0.34094876050949097,0.7218489646911621,0.34176522493362427,3
0.43324947357177734,0.5458233952522278,0.25466421246528625,0.43075913190841675,4
0.5820308327674866,0.09376799315214157,0.45384854078292847,0.260225772857666,2
0.7518540024757385,0.9421237111091614,0.9787722826004028,0.8435190320014954,8
0.7433014512062073,0.34891560673713684,0.6229010224342346,0.3570292592048645,3
0.8549091219902039,0.5012230277061462,0.4532724916934967,0.47502103447914124,4
0.0027626592200249434,0.5123555064201355,0.04746679961681366,0.22038736939430237,1
0.8967399597167969,0.011111690662801266,0.7779920101165771,0.2940318286418915,2
0.5125851631164551,0.6001898050308228,0.7519771456718445,0.4582875967025757,4
0.32760608196258545,0.5639103651046753,0.4543083608150482,0.4023332893848419,3
0.13064146041870117,0.4246651530265808,0.0016172726172953844,0.2709580957889557,2
0.5716102123260498,0.20871639251708984,0.2114296555519104,0.29716646671295166,2
0.665353000164032,0.6155747771263123,0.3223857879638672,0.5323374271392822,5
0.9114190340042114,0.8233609199523926,0.039405789226293564,0.795766294002533,7
0.2097797840833664,0.0876968652009964,0.17490224540233612,0.17678293585777283,1
0.06033393740653992,0.4272221028804779,0.4104347229003906,0.20684918761253357,1
0.9832122921943665,0.853696346282959,0.27239206433296204,0.8263228535652161,8
0.4634097218513489,0.427411824464798,0.549949049949646,0.3421122431755066,3
0.6056039333343506,0.9519109129905701,0.860664963722229,0.8341484665870667,8
0.8586778044700623,0.4126143753528595,0.17381258308887482,0.4404727518558502,4
0.8942400217056274,0.5082294344902039,0.46974411606788635,0.4856070876121521,4
0.9188326597213745,0.42378056049346924,0.8139192461967468,0.41478413343429565,3
0.5132034420967102,0.32858601212501526,0.34512823820114136,0.3179170787334442,2
0.25174054503440857,0.48799026012420654,0.3355998396873474,0.33373627066612244,3
0.14727871119976044,0.6174193620681763,0.3367795944213867,0.3894989788532257,3
0.34051820635795593,0.5744699835777283,0.19922523200511932,0.43095430731773376,4
0.640062153339386,0.7650788426399231,0.07218465209007263,0.680784285068512,6
0.6788433790206909,0.656376302242279,0.17977948486804962,0.5789910554885864,5
0.14376576244831085,0.6780546307563782,0.716124415397644,0.4149440824985504,3
0.7408243417739868,0.4212307631969452,0.988813579082489,0.3692551553249359,3
0.21789857745170593,0.32483258843421936,0.8444252610206604,0.20028629899024963,1
0.5332374572753906,0.5477359294891357,0.16132421791553497,0.46225348114967346,4
0.11922525614500046,0.5601980686187744,0.3280855119228363,0.3325658142566681,3
0.36528870463371277,0.591910183429718,0.09836599975824356,0.4580778181552887,4
0.673107922077179,0.5439785122871399,0.03779972717165947,0.4976782202720642,4
0.4690157175064087,0.1486627608537674,0.17607471346855164,0.26160168647766113,2
0.8150623440742493,0.3038201928138733,0.05033915489912033,0.3889792859554291,3
0.4710155129432678,0.24005866050720215,0.48745208978652954,0.2650376260280609,2
0.6375722289085388,0.1438961625099182,0.03678080067038536,0.3076493442058563,2
0.6778650283813477,0.5067974328994751,0.987619161605835,0.40965354442596436,3
0.371651291847229,0.05604686960577965,0.9924514889717102,0.1698169708251953,1
0.08386334031820297,0.6714197397232056,0.6201896071434021,0.3856462240219116,3
0.466552197933197,0.38451051712036133,0.5085461735725403,0.3224914073944092,3
0.967055082321167,0.7944625616073608,0.8743672966957092,0.7188423275947571,7
0.8980812430381775,0.2462184727191925,0.8995691537857056,0.32645776867866516,3
0.8018258213996887,0.8520674109458923,0.06897951662540436,0.8060619235038757,7
0.9704394340515137,0.29371413588523865,0.22305555641651154,0.4008314907550812,3
0.9147435426712036,0.8403064608573914,0.8696114420890808,0.7599545121192932,7
0.23550793528556824,0.10008691251277924,0.028257980942726135,0.19711998105049133,1
0.7682216167449951,0.10022205114364624,0.29304200410842896,0.3094438910484314,2
0.11279232800006866,0.39563676714897156,0.567768931388855,0.20907139778137207,1
0.5604856014251709,0.47483041882514954,0.27162861824035645,0.4115462899208069,3
0.5523669719696045,0.8954493999481201,0.28732484579086304,0.7913468480110168,7
0.8380916118621826,0.15456373989582062,0.4409486949443817,0.32178741693496704,3
0.19168418645858765,0.4238722324371338,0.5422930121421814,0.25997239351272583,2
0.5296170115470886,0.5749225616455078,0.668217658996582,0.448049932718277,4
0.4364981949329376,0.0688629001379013,0.09393614530563354,0.2474721521139145,2
0.9672534465789795,0.7242211699485779,0.21914900839328766,0.6915479302406311,6
0.9426001906394958,0.7902688384056091,0.7202087640762329,0.7205073833465576,7
0.9241114258766174,0.41299617290496826,0.6626769304275513,0.41974249482154846,4
0.391559362411499,0.8038994669914246,0.09916876256465912,0.6615586876869202,6
0.16573064029216766,0.010864260606467724,0.9880034923553467,0.10085079818964005,0
0.4768790304660797,0.2903079092502594,0.5476948022842407,0.2801615297794342,2
0.9414951801300049,0.37589019536972046,0.7922990918159485,0.3946855366230011,3
0.5120882391929626,0.40977320075035095,0.35343149304389954,0.3569236099720001,3
0.04688907414674759,0.8426996469497681,0.07712946087121964,0.5696325898170471,5
0.4302825629711151,0.016097087413072586,0.5283298492431641,0.21407151222229004,1
0.7664440870285034,0.12397497892379761,0.36274197697639465,0.3080260753631592,2
0.6770314574241638,0.5275741815567017,0.016916316002607346,0.48818525671958923,4
0.007653054781258106,0.7851216793060303,0.5557020306587219,0.43299436569213867,4
0.11575506627559662,0.014749252237379551,0.36036404967308044,0.12038509547710419,0
0.406199187040329,0.8343929052352905,0.972722589969635,0.6405890583992004,6
0.038288526237010956,0.21252427995204926,0.43940335512161255,0.09712372720241547,0
0.31757989525794983,0.146438866853714,0.5194876194000244,0.19809739291667938,1
0.47734522819519043,0.9514771699905396,0.9068050384521484,0.801550567150116,7
0.23655308783054352,0.7267583012580872,0.18800553679466248,0.5310034155845642,5
0.9312908053398132,0.4225480854511261,0.43389445543289185,0.44146573543548584,4
0.24422253668308258,0.7560214400291443,0.47484055161476135,0.5433673858642578,5
0.013813415542244911,0.16762439906597137,0.756202220916748,0.03890029713511467,0
0.35116255283355713,0.8269279599189758,0.9212430119514465,0.6209167838096619,6
0.3016330897808075,0.9932290315628052,0.5832453370094299,0.829881489276886,8
0.9948703050613403,0.9884434938430786,0.7570050358772278,0.9608757495880127,9
0.7006895542144775,0.7353679537773132,0.8482680320739746,0.6119738817214966,5
0.6552916765213013,0.5665122866630554,0.44891536235809326,0.4833766222000122,4
0.28834131360054016,0.05207325890660286,0.796140193939209,0.1584380567073822,1
0.060043126344680786,0.9225398898124695,0.7252925038337708,0.6296157240867615,6
0.05673413351178169,0.9554150104522705,0.18849842250347137,0.7039563059806824,6
0.17008870840072632,0.33149388432502747,0.09200010448694229,0.23508259654045105,2
0.4663175642490387,0.5555243492126465,0.6061446666717529,0.4227107763290405,4
0.7657390236854553,0.7293734550476074,0.5342575907707214,0.6396023035049438,6
0.32747986912727356,0.33175358176231384,0.5652230381965637,0.2568473517894745,2
0.8485644459724426,0.018454261124134064,0.9349982738494873,0.275195449590683,2
0.5296170711517334,0.899557888507843,0.3448254466056824,0.787290632724762,7
0.08949101716279984,0.13873012363910675,0.6634023189544678,0.09932965040206909,0
0.3393089175224304,0.7756521701812744,0.7720199823379517,0.5729215741157532,5
0.24293850362300873,0.020518921315670013,0.7348390221595764,0.14633601903915405,1
0.4370158314704895,0.4244712293148041,0.26235368847846985,0.3530065715312958,3
0.5918896198272705,0.346073180437088,0.3449774980545044,0.3433488607406616,3
0.7318940758705139,0.0156725961714983,0.41601914167404175,0.2877732515335083,2
0.3373425602912903,0.8747720718383789,0.4498407542705536,0.7023420929908752,6
0.5144670009613037,0.3297938406467438,0.4449717402458191,0.312110960483551,2
0.5044936537742615,0.4011036157608032,0.6091775298118591,0.3335112929344177,3
0.4106288552284241,0.6997445225715637,0.5701516270637512,0.5313267111778259,5
0.7386474013328552,0.9735035300254822,0.538529098033905,0.910102128982544,9
0.02181147411465645,0.7649136781692505,0.09905745834112167,0.46236348152160645,4
0.3087303936481476,0.3782198131084442,0.34826794266700745,0.2876417338848114,2
0.12297344952821732,0.273731529712677,0.3028997778892517,0.1773681342601776,1
0.9335579872131348,0.021560823544859886,0.7599414587020874,0.3018518090248108,2
0.44619134068489075,0.20482437312602997,0.24540092051029205,0.26459911465644836,2
0.6729470491409302,0.7380958795547485,0.7558284401893616,0.6152200698852539,6
0.7027609348297119,0.513965368270874,0.9731465578079224,0.42044755816459656,4
0.0992889255285263,0.8038284182548523,0.02773473784327507,0.5631111264228821,5
0.4651898443698883,0.47122272849082947,0.517888069152832,0.3708191514015198,3
0.255861759185791,0.3740917444229126,0.024390436708927155,0.2905412018299103,2
0.9678247570991516,0.671002209186554,0.5007756948471069,0.6236559748649597,6
0.050528403371572495,0.8862462639808655,0.91983962059021,0.5664110779762268,5
0.9051452279090881,0.5023747682571411,0.9526994228363037,0.4515312910079956,4
0.8689013123512268,0.5460087656974792,0.22593584656715393,0.5237553715705872,5
0.428324431180954,0.20347373187541962,0.14030200242996216,0.266722708940506,2
0.192202627658844,0.11424463242292404,0.3454504609107971,0.16252480447292328,1
0.7183296084403992,0.7370424866676331,0.5198277831077576,0.6388875842094421,6
0.5211330652236938,0.5719663500785828,0.42953068017959595,0.45969823002815247,4
0.05907798185944557,0.2957628667354584,0.43827617168426514,0.14101925492286682,1
0.14652162790298462,0.45554208755493164,0.5815994143486023,0.2575925886631012,2
0.370900958776474,0.07065054774284363,0.7584832906723022,0.1863768994808197,1
0.33190441131591797,0.6817243695259094,0.8515021800994873,0.4746472239494324,4
0.08338222652673721,0.433851420879364,0.9850919842720032,0.18680226802825928,1
0.04123074933886528,0.7032135128974915,0.7835816144943237,0.3751232326030731,3
0.33390456438064575,0.24673451483249664,0.09978911280632019,0.25691813230514526,2
0.5264235734939575,0.7407403588294983,0.5316026210784912,0.6012279391288757,5
0.7032531499862671,0.6061373353004456,0.9943678975105286,0.48768723011016846,4
0.23798884451389313,0.8915782570838928,0.4589628577232361,0.6905781626701355,6
0.5291405916213989,0.3795563876628876,0.1380702704191208,0.35930055379867554,3
0.3675908148288727,0.4501427710056305,0.6752422451972961,0.3223252296447754,3
0.7658993005752563,0.17819012701511383,0.2778923809528351,0.32445141673088074,3
0.10086984932422638,0.24889256060123444,0.9972447752952576,0.11168067902326584,0
0.24387472867965698,0.3273999094963074,0.47368836402893066,0.23498225212097168,2
0.9307544231414795,0.14745613932609558,0.6499761939048767,0.3228498697280884,3
0.7119148373603821,0.6648160815238953,0.4897821843624115,0.5724025964736938,5
0.045864734798669815,0.6615926623344421,0.42253726720809937,0.36505547165870667,3
0.22884374856948853,0.5441993474960327,0.5989993214607239,0.3470236361026764,3
0.2684551179409027,0.02353990636765957,0.4068480134010315,0.17657433450222015,1
0.4335540533065796,0.2815627455711365,0.9888465404510498,0.23689459264278412,2
0.2391672283411026,0.2562068700790405,0.2483467012643814,0.2207447737455368,1
0.8394230008125305,0.223957821726799,0.9986236095428467,0.3024772107601166,2
0.24434879422187805,0.08202875405550003,0.38455405831336975,0.17427591979503632,1
0.7639062404632568,0.9098894000053406,0.3209172189235687,0.8498539328575134,8
0.07227913290262222,0.6190702319145203,0.9065569043159485,0.3149058520793915,2
0.6933249831199646,0.5449501276016235,0.7582462430000305,0.4546225368976593,4
0.28349360823631287,0.6187116503715515,0.9239128828048706,0.40093886852264404,3
0.4389217495918274,0.8665969371795654,0.296162873506546,0.7302169799804688,7
0.4856775104999542,0.6149068474769592,0.9407759308815002,0.45130598545074463,4
0.9207737445831299,0.28102514147758484,0.13629254698753357,0.3932645320892334,3
0.25877639651298523,0.9100401401519775,0.9688594341278076,0.6857381463050842,6
0.6139476895332336,0.9802488684654236,0.05034273490309715,0.9260519742965698,9
0.11680241674184799,0.8422824144363403,0.8947293162345886,0.5564325451850891,5
0.3744657635688782,0.6608718633651733,0.5629533529281616,0.487106055021286,4
0.5795595049858093,0.8590930700302124,0.22665122151374817,0.7590308785438538,7
0.11560226231813431,0.42722436785697937,0.14892400801181793,0.2555139362812042,2
0.914379358291626,0.8846501111984253,0.29035255312919617,0.849115788936615,8
0.3469347357749939,0.9564789533615112,0.6230044364929199,0.7928937673568726,7
0.8884692788124084,0.5864996314048767,0.8109228610992432,0.5188406705856323,5
0.5963501334190369,0.11782154440879822,0.5810303092002869,0.258270263671875,2
0.33411136269569397,0.22807110846042633,0.8287564516067505,0.20270377397537231,1
0.417131245136261,0.8908828496932983,0.40519779920578003,0.7457835674285889,7
0.3232283294200897,0.8398258686065674,0.18134520947933197,0.6763105988502502,6
0.270602822303772,0.7058616876602173,0.6716307997703552,0.49025824666023254,4
0.8762898445129395,0.30940330028533936,0.6511744856834412,0.3624296188354492,3
0.9890350699424744,0.5315396189689636,0.12890544533729553,0.5405478477478027,5
0.5363645553588867,0.3576647639274597,0.23092122375965118,0.34406110644340515,3
0.48626384139060974,0.2367124855518341,0.9726191759109497,0.23543387651443481,2
0.4511253833770752,0.9254001975059509,0.13039888441562653,0.814206063747406,8
0.32722583413124084,0.8649954199790955,0.22142158448696136,0.7032987475395203,6
0.32121869921684265,0.918567955493927,0.1363605409860611,0.770621120929718,7
0.6479774117469788,0.968524158000946,0.9253302812576294,0.8599214553833008,8
0.4003536105155945,0.03257381543517113,0.17531895637512207,0.23033183813095093,2
0.40905341506004333,0.28276893496513367,0.8340237736701965,0.24135620892047882,2
0.007788147311657667,0.030825406312942505,0.9246401190757751,0.0,9
0.5170757174491882,0.19794707000255585,0.5639729499816895,0.2585805058479309,2
0.8253820538520813,0.4096470773220062,0.3249681890010834,0.42279499769210815,4
0.5060747861862183,0.37296992540359497,0.8061150908470154,0.3063448369503021,2
0.3237225413322449,0.38318315148353577,0.8035655617713928,0.2643575370311737,2
0.3645930886268616,0.03658010810613632,0.3001191020011902,0.21263271570205688,1
0.4783821702003479,0.1791069060564041,0.32018765807151794,0.2609318494796753,2
0.9511623978614807,0.6531213521957397,0.5934849977493286,0.5989591479301453,5
0.11260125786066055,0.6292123794555664,0.09968741238117218,0.39899885654449463,3
0.37941715121269226,0.9960232973098755,0.7611566781997681,0.843925416469574,8
0.1974422037601471,0.5674716830253601,0.7598949074745178,0.34222593903541565,3
0.13443270325660706,0.14096027612686157,0.7900426387786865,0.11373616009950638,0
0.21603219211101532,0.8165379166603088,0.20982635021209717,0.6143755316734314,6
0.5253970623016357,0.3644302189350128,0.17055632174015045,0.3488137423992157,3
0.6932588219642639,0.46626198291778564,0.2440388798713684,0.4359024167060852,4
0.6739794611930847,0.9469114542007446,0.4716194272041321,0.8678663969039917,8
0.2092685103416443,0.9311595559120178,0.7520782351493835,0.7089290618896484,6
0.742710292339325,0.14440932869911194,0.29671207070350647,0.31152161955833435,2
0.9350963234901428,0.4556271731853485,0.02267146296799183,0.4887060225009918,4
0.6902318596839905,0.8968464136123657,0.04494810476899147,0.838178813457489,8
0.8306397199630737,0.8653064966201782,0.3797051012516022,0.8058260083198547,7
0.16158902645111084,0.6003878116607666,0.10780073702335358,0.3969707787036896,3
0.13824832439422607,0.9133905172348022,0.47095710039138794,0.6774064302444458,6
0.9552431702613831,0.685598611831665,0.7129664421081543,0.6205880045890808,6
0.9267910718917847,0.6233675479888916,0.4879867434501648,0.5765695571899414,5
0.4841620922088623,0.18104204535484314,0.07779639959335327,0.2788669168949127,2
0.9101707339286804,0.6451912522315979,0.6076646447181702,0.5841273665428162,5
0.1690666377544403,0.8047659397125244,0.7457769513130188,0.5483357310295105,5
0.3830333352088928,0.4855082035064697,0.19354309141635895,0.3804560601711273,3
0.1693573296070099,0.035241637378931046,0.6797035336494446,0.1235421672463417,0
0.4424382746219635,0.13344953954219818,0.3559092581272125,0.240273579955101,2
0.528544008731842,0.06435506790876389,0.3819453716278076,0.24997813999652863,2
0.18413391709327698,0.5021870732307434,0.03346322104334831,0.3390161395072937,3
0.6672794818878174,0.587442934513092,0.1781158596277237,0.5198349952697754,5
0.026273878291249275,0.08294977247714996,0.2787001132965088,0.07120172679424286,0
0.5648373365402222,0.8339285254478455,0.22570303082466125,0.727580726146698,7
0.7346365451812744,0.3341435194015503,0.2742082178592682,0.3717974126338959,3
0.4856954514980316,0.20933261513710022,0.8874229788780212,0.23283624649047852,2
0.9052214026451111,0.23893608152866364,0.5598193407058716,0.3479088544845581,3
0.9572328329086304,0.27510637044906616,0.742460310459137,0.35709062218666077,3
0.1915535181760788,0.6400529742240906,0.9834898710250854,0.38335981965065,3
0.6957055926322937,0.9345614314079285,0.9950239062309265,0.8220603466033936,8
0.8129517436027527,0.6513573527336121,0.7414523959159851,0.5631589293479919,5
0.17429040372371674,0.3205801248550415,0.9683824181556702,0.1738663911819458,1
0.6376081109046936,0.9498113393783569,0.14376339316368103,0.8858214616775513,8
0.43264126777648926,0.7378495931625366,0.5685862302780151,0.5734259486198425,5
0.7020842432975769,0.8480584621429443,0.6908394694328308,0.7411553263664246,7
0.5980181097984314,0.06072371080517769,0.8112943172454834,0.23655232787132263,2
0.9317177534103394,0.04087289050221443,0.5964910984039307,0.3131938874721527,2
0.8439409136772156,0.3592076003551483,0.700090765953064,0.37551185488700867,3
0.27334704995155334,0.8553643226623535,0.7970992922782898,0.6377527117729187,6
0.06052614375948906,0.2656836211681366,0.846280574798584,0.1036994680762291,0
0.9654682278633118,0.5359669923782349,0.46171489357948303,0.5176380276679993,5
0.9557494521141052,0.16010494530200958,0.10424265265464783,0.36593300104141235,3
0.6182602643966675,0.7477288842201233,0.8046695590019226,0.6101782321929932,5
0.38852402567863464,0.5535216331481934,0.7234683632850647,0.3936748504638672,3
0.7555902600288391,0.3109166920185089,0.24419206380844116,0.3678668141365051,3
0.8189053535461426,0.8869994282722473,0.012587860226631165,0.853281557559967,8
0.5601959228515625,0.1783222109079361,0.05018472298979759,0.2975291907787323,2
0.25121814012527466,0.5373276472091675,0.5376500487327576,0.3537429869174957,3
0.03416742756962776,0.645736575126648,0.010916306637227535,0.3689008951187134,3
0.3212834298610687,0.4135381877422333,0.3803815245628357,0.3077954947948456,2
0.5838472843170166,0.06527835130691528,0.1104336604475975,0.28039395809173584,2
0.5841869711875916,0.38434216380119324,0.6289424300193787,0.3413996696472168,3
0.37617921829223633,0.6643691062927246,0.7725942134857178,0.47673261165618896,4
0.42531681060791016,0.26597896218299866,0.2819596529006958,0.2760573625564575,2
0.2859431505203247,0.0804414227604866,0.8683291077613831,0.15541212260723114,1
0.11537303775548935,0.45029523968696594,0.017584089189767838,0.2775644361972809,2
0.2624477446079254,0.737430989742279,0.8986438512802124,0.5028173327445984,4
0.2954055368900299,0.9359649419784546,0.12214896827936172,0.7852624654769897,7
0.6494992971420288,0.8994640111923218,0.9533631205558777,0.772741436958313,7
0.18208207190036774,0.33837276697158813,0.2593926191329956,0.23177693784236908,2
0.6897245049476624,0.9545093774795532,0.468301385641098,0.8808420896530151,8
0.4731363356113434,0.5499940514564514,0.13749316334724426,0.4514092803001404,4
0.5435907244682312,0.3663055896759033,0.4542313516139984,0.3350268006324768,3
0.7186733484268188,0.4861465394496918,0.21656863391399384,0.4553237557411194,4
0.5484222173690796,0.05632435902953148,0.44522789120674133,0.24962812662124634,2
0.07487897574901581,0.901459813117981,0.40221312642097473,0.6350221037864685,6
0.8555535078048706,0.5486043691635132,0.3673292398452759,0.5138704776763916,4
0.1616416722536087,0.5659919381141663,0.8307014107704163,0.32237327098846436,3
0.8295688033103943,0.08463765680789948,0.9415233731269836,0.2758794128894806,2
0.19242410361766815,0.4617488980293274,0.0032899596262723207,0.31830522418022156,2
0.047701895236968994,0.4742334485054016,0.6478606462478638,0.2102086842060089,1
0.1473701000213623,0.8433219790458679,0.07492679357528687,0.6259886622428894,6
0.6187938451766968,0.4700218439102173,0.5120810866355896,0.40517956018447876,3
0.8777408003807068,0.9349359273910522,0.38612017035484314,0.897071123123169,8
0.34981775283813477,0.33690688014030457,0.4171612560749054,0.2753365635871887,2
0.36443886160850525,0.6099263429641724,0.6071203351020813,0.4384523034095764,4
0.14358149468898773,0.07131841778755188,0.48934853076934814,0.1279229074716568,0
0.28108668327331543,0.22136114537715912,0.4680356979370117,0.20875725150108337,1
0.6663851141929626,0.693065345287323,0.4616986811161041,0.5906267166137695,5
0.6537812948226929,0.950855016708374,0.6866688132286072,0.8544448614120483,8
0.2787010371685028,0.48758286237716675,0.527405858039856,0.32943370938301086,3
0.42906683683395386,0.9632104635238647,0.7933056354522705,0.8120871782302856,8
0.5229437947273254,0.27878257632255554,0.3308641016483307,0.30101442337036133,2
0.7678993940353394,0.8334786295890808,0.6557207107543945,0.7399598956108093,7
0.5601531863212585,0.7288985848426819,0.5158833861351013,0.5983157157897949,5
0.307412713766098,0.5303404927253723,0.08839883655309677,0.39627978205680847,3
0.5046874284744263,0.27452361583709717,0.03796931356191635,0.3146609663963318,2
0.5969392657279968,0.41656169295310974,0.8686834573745728,0.34538042545318604,3
0.46959537267684937,0.4870235025882721,0.20857878029346466,0.4024735391139984,3
0.4138828217983246,0.7170258164405823,0.48140406608581543,0.5543128848075867,5
0.13667632639408112,0.8222329616546631,0.06716915965080261,0.5984768867492676,5
0.0386238731443882,0.017759978771209717,0.21511241793632507,0.08243732899427414,0
0.2863810360431671,0.3176305294036865,0.35216227173805237,0.2525756359100342,2
0.08442684262990952,0.6750757098197937,0.16004258394241333,0.4197784960269928,4
0.18039734661579132,0.18746401369571686,0.15716181695461273,0.18517695367336273,1
0.5458754301071167,0.3731570541858673,0.4166412949562073,0.3414008915424347,3
0.3929697275161743,0.5514873266220093,0.661573588848114,0.3974710702896118,3
0.46832361817359924,0.9762199521064758,0.5492234230041504,0.8547675013542175,8
0.5392202138900757,0.32811328768730164,0.5973309874534607,0.3069256842136383,2
0.8102136254310608,0.3854353427886963,0.8487168550491333,0.37246155738830566,3
0.3483165502548218,0.24163109064102173,0.1953098475933075,0.25301817059516907,2
0.39969953894615173,0.5355664491653442,0.14665494859218597,0.42193129658699036,4
0.9833171963691711,0.864910900592804,0.21773776412010193,0.842762291431427,8
0.10092851519584656,0.5666967630386353,0.02668914385139942,0.3482761085033417,3
0.4300459921360016,0.9212470054626465,0.8814557194709778,0.753991961479187,7
0.08312974870204926,0.9197017550468445,0.7069922685623169,0.6417155265808105,6
0.7053406238555908,0.04326465353369713,0.8770170211791992,0.2530669569969177,2
0.8855760097503662,0.29008421301841736,0.009586424566805363,0.39896273612976074,3
0.376390665769577,0.6816114783287048,0.4327746033668518,0.514752984046936,4
0.8257595300674438,0.7633822560310364,0.3679496645927429,0.6955161690711975,6
0.4908841848373413,0.1640351414680481,0.3996264338493347,0.25520145893096924,2
0.9034846425056458,0.13599319756031036,0.0031778784468770027,0.35889115929603577,3
0.9657106995582581,0.5609852075576782,0.010510929860174656,0.5658496618270874,5
0.9140607118606567,0.37677374482154846,0.49864333868026733,0.40988948941230774,3
0.29575857520103455,0.535560131072998,0.10393247753381729,0.39542025327682495,3
0.9063494205474854,0.1298212707042694,0.2982383668422699,0.338715136051178,3
0.28759902715682983,0.9706169366836548,0.5967598557472229,0.7952155470848083,7
0.5987079739570618,0.26454034447669983,0.3058323860168457,0.3143395781517029,2
0.09992825984954834,0.5055114030838013,0.026925116777420044,0.30417612195014954,2
0.12236714363098145,0.7621175646781921,0.41084277629852295,0.5058384537696838,4
0.5802193284034729,0.2924825847148895,0.8051952719688416,0.2875382602214813,2
0.5396534204483032,0.7795401215553284,0.9751554727554321,0.6139549016952515,6
0.998224675655365,0.800865650177002,0.3278433382511139,0.7671192288398743,7
0.35648855566978455,0.42663994431495667,0.5018912553787231,0.31708312034606934,2
0.31350505352020264,0.11481940746307373,0.6563402414321899,0.1823127269744873,1
0.24413125216960907,0.1703191101551056,0.31917038559913635,0.19336988031864166,1
0.042923640459775925,0.537538468837738,0.9171997308731079,0.23114170134067535,2
0.7538752555847168,0.7477511167526245,0.12724564969539642,0.6823793053627014,6
0.7471749186515808,0.9492916464805603,0.806640625,0.8630462884902954,8
0.46205148100852966,0.09080468118190765,0.7541411519050598,0.21231652796268463,1
0.6247231364250183,0.1546301245689392,0.6341235637664795,0.2674476206302643,2
0.8425084352493286,0.6787511706352234,0.4920693337917328,0.6092962026596069,5
0.5169107913970947,0.2686607837677002,0.08226694166660309,0.3124440610408783,2
0.4105163812637329,0.3662232458591461,0.8133865594863892,0.279084712266922,2
0.6250776648521423,0.7340492010116577,0.9773693084716797,0.586694061756134,5
0.8597314953804016,0.014484765939414501,0.5300102829933167,0.3039935231208801,2
0.5610435009002686,0.8256592154502869,0.8909294009208679,0.6734771132469177,6
0.9447638392448425,0.3719605803489685,0.9914200305938721,0.38007596135139465,3
0.3330153226852417,0.8712673783302307,0.8285230994224548,0.6719045639038086,6
0.7024071216583252,0.8651494979858398,0.007857846096158028,0.8059887886047363,7
0.9205843806266785,0.6547696590423584,0.6781516671180725,0.5895228385925293,5
0.8375888466835022,0.37531912326812744,0.34171152114868164,0.40600934624671936,3
0.7576925754547119,0.9115856885910034,0.11386862397193909,0.8644648790359497,8
0.9795176386833191,0.3427771329879761,0.23095354437828064,0.4225791096687317,4
0.6375589966773987,0.07243581861257553,0.927327036857605,0.23824426531791687,2
0.5837816596031189,0.21543195843696594,0.8991625905036926,0.25607067346572876,2
0.031215425580739975,0.3220214545726776,0.9855467081069946,0.09347425401210785,0
0.39361944794654846,0.2985832393169403,0.5448034405708313,0.26261666417121887,2
0.800308346748352,0.15953727066516876,0.03526630252599716,0.3428221642971039,3
0.7303450703620911,0.9892507195472717,0.1637793779373169,0.9538838863372803,9
0.647771418094635,0.24573571979999542,0.9708763360977173,0.2741413116455078,2
0.634953498840332,0.6328470706939697,0.9448620676994324,0.4990781247615814,4
0.5639756321907043,0.745680570602417,0.44636964797973633,0.620204508304596,6
0.11759329587221146,0.04811294749379158,0.892410933971405,0.08737197518348694,0
0.28048741817474365,0.3264354169368744,0.4704214930534363,0.24665598571300507,2
0.0792275071144104,0.16368693113327026,0.19993790984153748,0.12924818694591522,1
0.2500193417072296,0.49436813592910767,0.9813052415847778,0.2944682240486145,2
0.6607932448387146,0.9808619618415833,0.3695727288722992,0.9154046177864075,9
0.4090052545070648,0.2177853137254715,0.8314005732536316,0.21990220248699188,1
0.8497886061668396,0.4835910201072693,0.16718445718288422,0.4815584719181061,4
0.6635785698890686,0.2509622871875763,0.6236506700515747,0.30215421319007874,2
0.4386855959892273,0.6656942367553711,0.22596751153469086,0.5304527878761292,5
0.7167375683784485,0.680231511592865,0.2667267620563507,0.6019207835197449,5
0.34259936213493347,0.15275761485099792,0.4235878884792328,0.21295024454593658,1
0.8062010407447815,0.48822277784347534,0.5655574798583984,0.45015236735343933,4
0.5311061143875122,0.34295347332954407,0.5621342658996582,0.3140358328819275,2
0.0403134822845459,0.20935796201229095,0.6895776391029358,0.08132294565439224,0
0.4711593687534332,0.8016933798789978,0.2980194389820099,0.6661497950553894,6
0.04127755016088486,0.9636695981025696,0.9279335737228394,0.6537843942642212,6
0.41356322169303894,0.9248402118682861,0.5497514605522156,0.7761985659599304,7
0.15224303305149078,0.16097688674926758,0.4610210061073303,0.1474047303199768,1
0.7099295258522034,0.2968478798866272,0.03222358971834183,0.36739861965179443,3
0.1519067883491516,0.7092358469963074,0.2686004042625427,0.4768803119659424,4
0.23765355348587036,0.21511976420879364,0.701646089553833,0.17727282643318176,1
0.08235377073287964,0.7023210525512695,0.9149660468101501,0.39339491724967957,3
0.6151837110519409,0.32120320200920105,0.03374548256397247,0.35796093940734863,3
0.6794443726539612,0.5514023900032043,0.058126792311668396,0.5030078291893005,4
0.9627583026885986,0.3302704989910126,0.2209288775920868,0.4148293435573578,3
0.8938242793083191,0.8866875767707825,0.37552303075790405,0.8422691822052002,8
0.9820033311843872,0.18701274693012238,0.7602325677871704,0.3330315053462982,3
0.6036699414253235,0.5172149538993835,0.16357305645942688,0.4560380280017853,4
0.38938918709754944,0.21828721463680267,0.1226588562130928,0.2619354724884033,2
0.3748042583465576,0.823564887046814,0.29754123091697693,0.6651445031166077,6
0.4355841279029846,0.4042518436908722,0.4737236797809601,0.32748880982398987,3
0.3778797388076782,0.28004953265190125,0.22307047247886658,0.2726392149925232,2
0.38296014070510864,0.575927197933197,0.7214966416358948,0.40912115573883057,3
0.9038344621658325,0.025105055421590805,0.26392310857772827,0.3297373056411743,3
0.7937017679214478,0.5520294308662415,0.6020530462265015,0.4894837737083435,4
0.7697856426239014,0.6053289175033569,0.8660454154014587,0.5084283947944641,4
0.11784142255783081,0.23074941337108612,0.9679030776023865,0.11636587232351303,0
0.6970416903495789,0.7716230154037476,0.9998052716255188,0.6374623775482178,6
0.9802232384681702,0.8170346021652222,0.469799667596817,0.7720580697059631,7
0.5569280982017517,0.831430196762085,0.4688950777053833,0.70692378282547,6
0.9810156226158142,0.5683197379112244,0.007443701382726431,0.5741285085678101,5
0.04743814840912819,0.11182239651679993,0.04995721951127052,0.1085832342505455,0
0.09060186892747879,0.1443774253129959,0.2541053593158722,0.1281740814447403,1
0.12216337025165558,0.754734456539154,0.23812036216259003,0.5097714066505432,4
0.6604445576667786,0.461365669965744,0.21123693883419037,0.4284411370754242,4
0.5152254700660706,0.7538562417030334,0.07980694621801376,0.641653299331665,6
0.5324008464813232,0.45767641067504883,0.8022648096084595,0.3593953251838684,3
0.42684611678123474,0.5253195762634277,0.7499972581863403,0.38167768716812134,3
0.16703195869922638,0.29174184799194336,0.4136050343513489,0.196042001247406,1
0.4787728786468506,0.896782636642456,0.8513188362121582,0.7384721040725708,7
0.6880646347999573,0.426628440618515,0.4271775186061859,0.3992079198360443,3
0.17569135129451752,0.22465747594833374,0.8465806841850281,0.1477556973695755,1
0.00802786834537983,0.7675195336341858,0.5176268815994263,0.41807329654693604,3
0.2409553974866867,0.10977628082036972,0.46742597222328186,0.17117711901664734,1
0.693783164024353,0.07303468137979507,0.57819002866745,0.27291926741600037,2
0.46167176961898804,0.6502723097801208,0.10804291814565659,0.5304937362670898,5
0.43468648195266724,0.3132571578025818,0.28017666935920715,0.2967422902584076,2
0.757118821144104,0.8857869505882263,0.2627812325954437,0.8236904740333557,8
0.5792189836502075,0.9772311449050903,0.8528114557266235,0.8614022731781006,8
0.4233585000038147,0.3328162431716919,0.39948949217796326,0.2943464517593384,2
0.7134001851081848,0.6473618745803833,0.18242517113685608,0.5778895616531372,5
0.9187877774238586,0.8836708664894104,0.5410497784614563,0.8320908546447754,8
0.2481938749551773,0.21233999729156494,0.16146767139434814,0.215886652469635,1
0.42515596747398376,0.7731305956840515,0.5742735266685486,0.6065410375595093,5
0.709634006023407,0.5314480066299438,0.3656104505062103,0.4742659628391266,4
0.9636314511299133,0.2416837513446808,0.08379676938056946,0.39041537046432495,3
0.5933358073234558,0.3173243999481201,0.04369397833943367,0.35098904371261597,3
0.6705798506736755,0.33524903655052185,0.47622746229171753,0.3461895287036896,3
0.17041786015033722,0.6959397196769714,0.283986896276474,0.4711104929447174,4
0.6497704982757568,0.46264126896858215,0.12796525657176971,0.4325615167617798,4
0.41254347562789917,0.6128813028335571,0.12361276149749756,0.4857617914676666,4
0.04975546896457672,0.5679407119750977,0.5471277832984924,0.28328371047973633,2
0.5212842226028442,0.39857181906700134,0.6606379747390747,0.3326433300971985,3
0.10729663819074631,0.5078808069229126,0.10225901752710342,0.30456846952438354,2
0.22455459833145142,0.09629882872104645,0.4057926833629608,0.16777515411376953,1
0.931137204170227,0.5530211925506592,0.12138999253511429,0.5467050075531006,5
0.14323458075523376,0.33678317070007324,0.11959406733512878,0.2243298590183258,1
0.09472201019525528,0.8615426421165466,0.5790708065032959,0.5878891348838806,5
0.6459335684776306,0.9278920292854309,0.1488676369190216,0.8598872423171997,8
0.2537476122379303,0.026511870324611664,0.9993050694465637,0.1325726956129074,1
0.6779923439025879,0.6199322938919067,0.6261685490608215,0.5183091163635254,5
0.8700717687606812,0.31241151690483093,0.7795648574829102,0.35404568910598755,3
0.17683331668376923,0.7051171064376831,0.5006310939788818,0.46782249212265015,4
0.8517439961433411,0.7107047438621521,0.9047969579696655,0.6130433678627014,6
0.16335661709308624,0.6086498498916626,0.42939493060112,0.3829852044582367,3
0.7574171423912048,0.01946139521896839,0.06724962592124939,0.3159233331680298,2
0.4416363537311554,0.5509481430053711,0.2023763209581375,0.4400668740272522,4
0.9958824515342712,0.29181209206581116,0.03359665721654892,0.4169270992279053,3
0.049189940094947815,0.5971961617469788,0.7968279123306274,0.28892096877098083,2
0.898179292678833,0.07540885359048843,0.2759070098400116,0.33133265376091003,3
0.6505671739578247,0.623039722442627,0.9916221499443054,0.49103009700775146,4
0.8058369159698486,0.9709598422050476,0.28975147008895874,0.9360281825065613,9
0.3251023292541504,0.22183090448379517,0.5085251927375793,0.2194880098104477,1
0.18652421236038208,0.25365516543388367,0.861910343170166,0.16018077731132507,1
0.80267733335495,0.9205077886581421,0.6239144206047058,0.849918007850647,8
0.20684048533439636,0.5416592359542847,0.2510511875152588,0.3604600727558136,3
0.513498842716217,0.7632812857627869,0.9486986994743347,0.5930743217468262,5
0.8881699442863464,0.23350025713443756,0.8705880641937256,0.32258546352386475,3
0.9638363718986511,0.2625719904899597,0.9053924083709717,0.34291669726371765,3
0.44437307119369507,0.15961211919784546,0.402200847864151,0.24278384447097778,2
0.10246806591749191,0.5047138333320618,0.685458242893219,0.26125603914260864,2
9.96202725218609e-05,0.4098537564277649,0.961929202079773,0.08447107672691345,0
0.8229283690452576,0.5145706534385681,0.3991295099258423,0.48182064294815063,4
0.1377951055765152,0.3982159495353699,0.17861714959144592,0.24799545109272003,2
0.3440324366092682,0.33031517267227173,0.212036594748497,0.28439944982528687,2
0.19328515231609344,0.3769497871398926,0.8103564381599426,0.21782882511615753,1
0.4004669487476349,0.596964418888092,0.09439084678888321,0.4717712998390198,4
0.12647327780723572,0.6145504117012024,0.6145713925361633,0.35937604308128357,3
0.694067120552063,0.468298077583313,0.06177321821451187,0.4494248926639557,4
0.6584578156471252,0.5309471487998962,0.18357813358306885,0.4757203161716461,4
0.8875384330749512,0.6929720044136047,0.7042466998100281,0.616202712059021,6
0.7149474620819092,0.9792484045028687,0.32855698466300964,0.9268699288368225,9
0.2822170853614807,0.6244879961013794,0.02806418016552925,0.46476951241493225,4
0.43202683329582214,0.33668360114097595,0.3101871907711029,0.3041941523551941,2
0.47559070587158203,0.7964799404144287,0.19133540987968445,0.6687689423561096,6
0.1577654927968979,0.37310469150543213,0.13072267174720764,0.2469353824853897,2
0.20644551515579224,0.9787503480911255,0.5948897004127502,0.7786700129508972,7
0.1508965790271759,0.9120667576789856,0.27471664547920227,0.6943488717079163,6
0.14590035378932953,0.4529467821121216,0.8331195116043091,0.23906277120113373,2
0.22038395702838898,0.03291350230574608,0.8449875116348267,0.13169050216674805,1
0.20076441764831543,0.9894468784332275,0.45097556710243225,0.8001071810722351,7
0.8498278260231018,0.24338248372077942,0.04359335079789162,0.3737793266773224,3
0.8896883130073547,0.5023263692855835,0.09097646176815033,0.5059860944747925,4
0.5061259269714355,0.613996148109436,0.5311301350593567,0.48257365822792053,4
0.6384657621383667,0.6597383618354797,0.6081045269966125,0.5452382564544678,5
0.3808727562427521,0.6180390119552612,0.7985296249389648,0.4368310868740082,4
0.7520689368247986,0.8200476765632629,0.024743083864450455,0.7640828490257263,7
0.03749525919556618,0.8024256229400635,0.985798180103302,0.4577483534812927,4
0.7196512818336487,0.30355188250541687,0.43300861120224,0.345380038022995,3
0.603333055973053,0.19572551548480988,0.4933050870895386,0.28183630108833313,2
0.2527686655521393,0.7227004170417786,0.05942440405488014,0.5410752296447754,5
0.6240496039390564,0.9515422582626343,0.7407171130180359,0.8455496430397034,8
0.47780776023864746,0.9810672402381897,0.4005669951438904,0.8732212781906128,8
0.5433371067047119,0.3832736015319824,0.11950203031301498,0.3656349182128906,3
0.6409845948219299,0.8921670317649841,0.1944350302219391,0.8126764297485352,8
0.9510918855667114,0.17794179916381836,0.8996856808662415,0.316353976726532,2
0.4502663016319275,0.6215877532958984,0.8730964660644531,0.45268794894218445,4
0.5648723840713501,0.29534977674484253,0.09771749377250671,0.3322489857673645,3
0.40236061811447144,0.3521442413330078,0.24143727123737335,0.3082057535648346,2
0.05368709936738014,0.524803102016449,0.6834473013877869,0.245802104473114,2
0.15713980793952942,0.28501096367836,0.057505425065755844,0.21302062273025513,1
0.8721235394477844,0.7390736937522888,0.9739330410957336,0.6394035220146179,6
0.2648512125015259,0.2927897870540619,0.9976434707641602,0.1928502470254898,1
0.06245153769850731,0.1716536581516266,0.20233552157878876,0.12039507925510406,0
0.21651235222816467,0.6154919266700745,0.9408282041549683,0.37489232420921326,3
0.9451762437820435,0.14191964268684387,0.12784524261951447,0.3589123785495758,3
0.8803538680076599,0.43327438831329346,0.343850314617157,0.44465234875679016,4
0.9956488609313965,0.3127235472202301,0.5428215861320496,0.3914874792098999,3
0.5628487467765808,0.8207066059112549,0.5019877552986145,0.6942798495292664,6
0.7068740725517273,0.5700340867042542,0.22915112972259521,0.5109996199607849,4
0.2600077688694,0.2637222111225128,0.40801987051963806,0.21966858208179474,1
0.6774132251739502,0.3916628658771515,0.22804927825927734,0.39128223061561584,3
0.366618812084198,0.2293223887681961,0.3899439871311188,0.2413289099931717,2
0.00014194846153259277,0.9721887707710266,0.20690937340259552,0.6509503126144409,6
0.7754436731338501,0.6481651067733765,0.5390819907188416,0.5668487548828125,5
0.6619004607200623,0.4730054438114166,0.6027916669845581,0.4099716246128082,3
0.006428041495382786,0.527073085308075,0.2024327516555786,0.22923815250396729,2
0.25460943579673767,0.6717632412910461,0.07388734072446823,0.49356552958488464,4
0.33667606115341187,0.3697623908519745,0.13307088613510132,0.3058914244174957,2
0.5981807708740234,0.0961560606956482,0.6627047657966614,0.25015559792518616,2
0.26740550994873047,0.3171270787715912,0.6807072758674622,0.2245699167251587,1
0.8905399441719055,0.8546201586723328,0.7458130121231079,0.780046820640564,7
0.8583626747131348,0.12800022959709167,0.182395339012146,0.33760935068130493,3
0.21063296496868134,0.7948098182678223,0.7212306261062622,0.555249035358429,5
0.8604922890663147,0.22206658124923706,0.7400060296058655,0.32287636399269104,3
0.9736517667770386,0.08874157071113586,0.044581204652786255,0.3611004054546356,3
0.20397648215293884,0.7745641469955444,0.2642812430858612,0.5620595216751099,5
0.09274104982614517,0.5570926666259766,0.6225377321243286,0.29719528555870056,2
0.3389884829521179,0.18918505311012268,0.08825269341468811,0.24246416985988617,2
0.6701244115829468,0.37269142270088196,0.7048359513282776,0.3485304117202759,3
0.10975280404090881,0.8659584522247314,0.47396227717399597,0.6077332496643066,5
0.0880662277340889,0.6130442023277283,0.377585768699646,0.35434478521347046,3
0.6574152112007141,0.6913526058197021,0.38557758927345276,0.59227454662323,5
0.1710928976535797,0.8018307685852051,0.2357105165719986,0.5798758268356323,5
0.7366567850112915,0.8912171721458435,0.3904680609703064,0.8176899552345276,8
0.16001376509666443,0.7265844941139221,0.9939343929290771,0.4486808478832245,4
0.711463987827301,0.6430233716964722,0.7712562680244446,0.5347087383270264,5
0.41751036047935486,0.8205472230911255,0.9916586875915527,0.6270471215248108,6
0.808124840259552,0.30312082171440125,0.3170570135116577,0.3697156012058258,3
0.9148508906364441,0.9813967943191528,0.36541813611984253,0.9640542268753052,9
0.860755980014801,0.15849411487579346,0.17546820640563965,0.3443097174167633,3
0.13617011904716492,0.3477548360824585,0.6505045890808105,0.19094356894493103,1
0.6188758611679077,0.0781477615237236,0.44513529539108276,0.2669094204902649,2
0.9505877494812012,0.9922000765800476,0.36862918734550476,0.9841378331184387,9
0.9454194903373718,0.0994609147310257,0.21176375448703766,0.3465624749660492,3
0.01765669509768486,0.9359198212623596,0.33680179715156555,0.6347652673721313,6
0.260362446308136,0.2513766288757324,0.41482794284820557,0.21510644257068634,1
0.25832247734069824,0.6053138375282288,0.7125577330589294,0.3960497975349426,3
0.9897657632827759,0.8090298175811768,0.3936789333820343,0.7700660824775696,7
0.130815789103508,0.0900970995426178,0.7104586958885193,0.1095472127199173,0
0.4373888075351715,0.9533711671829224,0.23988358676433563,0.8384012579917908,8
0.2288583517074585,0.23292797803878784,0.670462429523468,0.18162304162979126,1
0.3583545684814453,0.5896713137626648,0.8077404499053955,0.40732359886169434,3
0.46786099672317505,0.8333998918533325,0.11332933604717255,0.712024986743927,7
0.8074195981025696,0.764719545841217,0.6799761652946472,0.6727927327156067,6
0.6320508718490601,0.3360820412635803,0.7003169059753418,0.323760449886322,3
0.035849884152412415,0.5172319412231445,0.652084469795227,0.22860576212406158,2
0.25353437662124634,0.9205052256584167,0.8044657707214355,0.7076470255851746,6
0.47225937247276306,0.5543718338012695,0.8500813841819763,0.4071102440357208,3
0.8238967657089233,0.022577082738280296,0.3565066456794739,0.30922797322273254,2
0.007671535946428776,0.09228275716304779,0.013868949376046658,0.06528463214635849,0
0.35294467210769653,0.787882387638092,0.8672061562538147,0.5831457376480103,5
0.5486583113670349,0.21420910954475403,0.045738041400909424,0.3046167492866516,2
0.4833822548389435,0.6312055587768555,0.7377705574035645,0.47771745920181274,4
0.710895836353302,0.5358676910400391,0.2635933756828308,0.4844180643558502,4
0.42585456371307373,0.4719652533531189,0.7554383873939514,0.3457315266132355,3
0.3545803427696228,0.7814018726348877,0.8397243618965149,0.5786750316619873,5
0.06487986445426941,0.8946240544319153,0.5836149454116821,0.6085551977157593,5
0.3163623809814453,0.08350737392902374,0.09480612725019455,0.21629317104816437,1
0.8535028696060181,0.5854580402374268,0.08537592738866806,0.559967041015625,5
0.43421366810798645,0.6519271731376648,0.04485929012298584,0.5293067097663879,5
0.7210080027580261,0.6401293873786926,0.4104095995426178,0.5580664277076721,5
0.3619163930416107,0.8402536511421204,0.15656472742557526,0.6894093155860901,6
0.9936460852622986,0.8111376762390137,0.40180209279060364,0.7724409699440002,7
0.4772565960884094,0.13510091602802277,0.8753066658973694,0.2146194577217102,1
0.002076227217912674,0.7023965120315552,0.549949049949646,0.3380699157714844,3
0.044071029871702194,0.031324323266744614,0.11896137148141861,0.09370837360620499,0
0.5026680827140808,0.7205190658569336,0.8896867036819458,0.5523455739021301,5
0.4607463777065277,0.9710789322853088,0.5052242875099182,0.8491970300674438,8
0.8132792711257935,0.3168250620365143,0.6238047480583191,0.3559500575065613,3
0.7328203916549683,0.16927309334278107,0.2988350987434387,0.314656525850296,2
0.510704517364502,0.03462643176317215,0.9825007319450378,0.20404095947742462,1
0.296734094619751,0.6557546257972717,0.0558353029191494,0.49398142099380493,4
0.973247230052948,0.07090191543102264,0.09006328880786896,0.35611492395401,3
0.20723813772201538,0.9204383492469788,0.7367557883262634,0.6960301399230957,6
0.29661330580711365,0.5931757092475891,0.7662160992622375,0.39490270614624023,3
0.12981857359409332,0.3968745172023773,0.42283499240875244,0.22745868563652039,2
0.7519142031669617,0.8676339983940125,0.3226104974746704,0.7975952625274658,7
0.1789083480834961,0.8835569024085999,0.4547048509120941,0.6598774194717407,6
0.5815334320068359,0.7395002245903015,0.884318470954895,0.5888940691947937,5
0.47188782691955566,0.4064716696739197,0.03259878233075142,0.36691221594810486,3
0.15152554214000702,0.6422155499458313,0.7757797241210938,0.38292136788368225,3
0.8830543160438538,0.07928430289030075,0.08057469129562378,0.3420364558696747,3
0.9478653073310852,0.2388773411512375,0.7408260703086853,0.34323179721832275,3
0.48785412311553955,0.17633305490016937,0.27320626378059387,0.2656569480895996,2
0.3103529214859009,0.5640798211097717,0.5066863894462585,0.39391234517097473,3
0.90269535779953,0.8626186847686768,0.06902174651622772,0.83621746301651,8
0.06895720213651657,0.3624271750450134,0.2537216544151306,0.1888953149318695,1
0.7084144353866577,0.014001714065670967,0.8627816438674927,0.25349241495132446,2
0.14874500036239624,0.18615344166755676,0.44607818126678467,0.15271170437335968,1
0.868360698223114,0.9838108420372009,0.045606814324855804,0.9802556037902832,9
0.37672317028045654,0.08603880554437637,0.4805608093738556,0.20801210403442383,1
0.34132301807403564,0.28310951590538025,0.33761361241340637,0.25605854392051697,2
0.8531365990638733,0.6682276129722595,0.6920983791351318,0.5885249376296997,5
0.03003440983593464,0.5229047536849976,0.11165891587734222,0.26308342814445496,2
0.5639802813529968,0.980278491973877,0.3908786177635193,0.8926759958267212,8
0.2637237310409546,0.14646635949611664,0.10069692134857178,0.2092999815940857,1
0.6925945281982422,0.3155772387981415,0.6617448329925537,0.32979816198349,3
0.2494935840368271,0.821698009967804,0.7248095273971558,0.5973247289657593,5
0.7442848086357117,0.2758166790008545,0.6843670606613159,0.3228006660938263,3
0.3528013527393341,0.5095698833465576,0.09950554370880127,0.39432138204574585,3
0.487925261259079,0.6888278722763062,0.8255188465118408,0.5234749913215637,5
0.9141886830329895,0.4311608374118805,0.26139235496520996,0.45484262704849243,4
0.03471417725086212,0.02458043582737446,0.5965099334716797,0.0539344921708107,0
0.9136825203895569,0.26258188486099243,0.22567875683307648,0.37944063544273376,3
0.5636703968048096,0.5207267999649048,0.4348685145378113,0.4317581057548523,4
0.7126760482788086,0.8572790026664734,0.2674245238304138,0.7817880511283875,7
0.27612659335136414,0.6636495590209961,0.718487024307251,0.4505217671394348,4
0.5626529455184937,0.7948915362358093,0.3084549307823181,0.6793951392173767,6
0.9590806365013123,0.5157975554466248,0.8297396898269653,0.47804364562034607,4
0.7133426070213318,0.8286207914352417,0.5131392478942871,0.7335370182991028,7
0.9969677925109863,0.014715556986629963,0.9321056604385376,0.3009733259677887,2
0.16390205919742584,0.4951024353504181,0.2118159532546997,0.3144342303276062,2
0.10868851840496063,0.8413990139961243,0.4616280496120453,0.5801821351051331,5
0.8726772665977478,0.5158926248550415,0.36813971400260925,0.49375343322753906,4
0.9403985738754272,0.05730453506112099,0.19415682554244995,0.34246668219566345,3
0.13770723342895508,0.02306460775434971,0.6249887347221375,0.11327478289604187,0
0.01528476644307375,0.7807140350341797,0.4014814794063568,0.450553834438324,4
0.15394140779972076,0.5781992077827454,0.22549037635326385,0.3686004877090454,3
0.49066436290740967,0.06841473281383514,0.8692837357521057,0.2091805338859558,1
0.5070023536682129,0.5150442719459534,0.15017420053482056,0.43388375639915466,4
0.09800124913454056,0.2849634289741516,0.2683399021625519,0.17134733498096466,1
0.017676427960395813,0.876310408115387,0.38121554255485535,0.5601329207420349,5
0.03000030852854252,0.1573237031698227,0.7138053774833679,0.057895056903362274,0
0.024278193712234497,0.5764487981796265,0.2846578061580658,0.2848970890045166,2
0.10563415288925171,0.09657017141580582,0.5870227813720703,0.10637681186199188,0
0.801164448261261,0.881761372089386,0.21205639839172363,0.8306191563606262,8
0.9332219958305359,0.09504175931215286,0.23665697872638702,0.34224817156791687,3
0.8054882287979126,0.9427210092544556,0.6234485507011414,0.8779430389404297,8
0.5754478573799133,0.4069942831993103,0.06804326176643372,0.3886289894580841,3
0.6819329857826233,0.09322453290224075,0.826455295085907,0.25630608201026917,2
0.18493159115314484,0.3238220512866974,0.3601912558078766,0.2197897881269455,1
0.19427742063999176,0.11291803419589996,0.2718632221221924,0.16799180209636688,1
0.6465160250663757,0.4773227870464325,0.2932543158531189,0.43008363246917725,4
0.8371121883392334,0.6689845323562622,0.5003758668899536,0.5990282893180847,5
0.636085033416748,0.5994815826416016,0.44576650857925415,0.5051413774490356,4
0.9982295036315918,0.8153781890869141,0.15951552987098694,0.7938637137413025,7
0.23903512954711914,0.628849446773529,0.22883641719818115,0.4410208463668823,4
0.9527232646942139,0.4954710602760315,0.4269004464149475,0.4900527596473694,4
0.7934479713439941,0.23832784593105316,0.5829905271530151,0.3260311186313629,3
0.24805967509746552,0.9852473735809326,0.7949977517127991,0.7883620262145996,7
0.5641368627548218,0.9384329915046692,0.883816659450531,0.8066964149475098,8
0.6538366675376892,0.0828932374715805,0.7930932641029358,0.251600056886673,2
0.28280574083328247,0.7718072533607483,0.5338439345359802,0.567946195602417,5
0.32938551902770996,0.9657813906669617,0.7806192636489868,0.7892920970916748,7
0.13976748287677765,0.34290334582328796,0.8347634077072144,0.17809487879276276,1
0.09639671444892883,0.8616389632225037,0.504287600517273,0.5938616991043091,5
0.35232794284820557,0.4856950342655182,0.7659518718719482,0.33417558670043945,3
0.8374843001365662,0.7348663210868835,0.17662140727043152,0.6819868683815002,6
0.5030641555786133,0.8442539572715759,0.5573844909667969,0.7030282616615295,6
0.8830350041389465,0.695221483707428,0.5819560885429382,0.6255981922149658,6
0.11772666126489639,0.6827499866485596,0.9704176187515259,0.3903438448905945,3
0.40002673864364624,0.0015850074123591185,0.3638494312763214,0.21701481938362122,1
0.5961008667945862,0.5935660004615784,0.5956140160560608,0.482051283121109,4
0.52326500415802,0.11855322122573853,0.35210588574409485,0.25735488533973694,2
0.6259037256240845,0.6981712579727173,0.07544651627540588,0.6126180291175842,6
0.30085548758506775,0.836301326751709,0.8558979034423828,0.6209667921066284,6
0.5023062825202942,0.06444697082042694,0.0001083232054952532,0.26926249265670776,2
0.22023026645183563,0.7920620441436768,0.07089050114154816,0.5989522337913513,5
0.5568330883979797,0.6853846907615662,0.8320913910865784,0.535733699798584,5
0.6199727654457092,0.3804277777671814,0.5019294023513794,0.3554992079734802,3
0.029262129217386246,0.24560363590717316,0.014532369561493397,0.12724483013153076,0
0.1517993062734604,0.6033370494842529,0.9210516810417175,0.34124448895454407,3
0.5500832200050354,0.8513017296791077,0.8783254027366638,0.7004182934761047,6
0.18038798868656158,0.7969101667404175,0.7240586280822754,0.5459198355674744,5
0.11430195719003677,0.56356281042099,0.9644691348075867,0.29044637084007263,2
0.0623035691678524,0.7695541381835938,0.35336270928382874,0.4839739501476288,4
0.6538673639297485,0.3564089238643646,0.13482916355133057,0.3751615583896637,3
0.4589003324508667,0.4276563227176666,0.4096973240375519,0.3504577875137329,3
0.9594123959541321,0.5435978174209595,0.057694632560014725,0.5488997101783752,5
0.872243344783783,0.6408001184463501,0.21723993122577667,0.5996217727661133,5
0.2819107174873352,0.19166256487369537,0.4094962477684021,0.20474673807621002,1
0.14417533576488495,0.416593462228775,0.7545761466026306,0.2225315123796463,1
0.9413817524909973,0.6614580750465393,0.4373391270637512,0.6149299144744873,6
0.3972472548484802,0.07664474844932556,0.4371498227119446,0.2153521329164505,1
0.48529475927352905,0.9671310186386108,0.8447093367576599,0.8275106549263,8
0.5724993944168091,0.460011750459671,0.9316142201423645,0.3611908555030823,3
0.291105717420578,0.1724412739276886,0.043469518423080444,0.22723965346813202,2
0.28134775161743164,0.41341105103492737,0.06209806725382805,0.3167684078216553,2
0.5318174362182617,0.6577406525611877,0.8091262578964233,0.5069782733917236,4
0.897639274597168,0.9184648990631104,0.4150957763195038,0.8783900737762451,8
0.0851200670003891,0.9857072830200195,0.029099753126502037,0.7713325619697571,7
0.34749454259872437,0.14038163423538208,0.44057655334472656,0.21079261600971222,1
0.26694756746292114,0.8779506683349609,0.11989708989858627,0.7066459655761719,6
0.06528293341398239,0.5855699181556702,0.40472233295440674,0.3169955015182495,2
0.4330037236213684,0.6166568398475647,0.3501400351524353,0.4790324866771698,4
0.5076199173927307,0.03386058285832405,0.5705759525299072,0.23062928020954132,2
0.5939763188362122,0.39795440435409546,0.6617462635040283,0.34841248393058777,3
0.570972740650177,0.4543955326080322,0.9265035390853882,0.3577845096588135,3
0.2730250656604767,0.8190346360206604,0.8294110298156738,0.5951244831085205,5
0.6985222697257996,0.965144693851471,0.33605480194091797,0.9049252271652222,9
0.8822196125984192,0.397955060005188,0.20279565453529358,0.4348467290401459,4
0.044277843087911606,0.6969186663627625,0.8220005631446838,0.3691639304161072,3
0.753291130065918,0.7209386229515076,0.4806678295135498,0.6326665878295898,6
0.3316096067428589,0.04336877912282944,0.6712207198143005,0.1790820062160492,1
0.3549192547798157,0.569568395614624,0.9144665002822876,0.38381174206733704,3
0.8862354755401611,0.27239322662353516,0.6977811455726624,0.34678927063941956,3
0.881738543510437,0.3780514597892761,0.14434807002544403,0.42838266491889954,4
0.6280961036682129,0.19222314655780792,0.9981294274330139,0.2526652216911316,2
0.7455674409866333,0.4616469144821167,0.42656779289245605,0.43118390440940857,4
0.21061544120311737,0.8102850317955017,0.8829549551010132,0.5609978437423706,5
0.8762651681900024,0.10988041013479233,0.18428145349025726,0.33780670166015625,3
0.7558498382568359,0.18080665171146393,0.509174108505249,0.3078120946884155,2
0.9184882044792175,0.8162842988967896,0.2682938575744629,0.7740984559059143,7
0.035653386265039444,0.40583112835884094,0.3874979317188263,0.17770852148532867,1
0.015942225232720375,0.4897731840610504,0.04573619365692139,0.2296225130558014,2
0.6801033020019531,0.7191932201385498,0.7869307398796082,0.5963125228881836,5
0.926282525062561,0.9017032980918884,0.44928422570228577,0.860848605632782,8
0.33814239501953125,0.4887954592704773,0.7925168871879578,0.33041074872016907,3
0.05297348275780678,0.6305930018424988,0.6274020671844482,0.3301660716533661,3
0.9064309000968933,0.28997913002967834,0.5426168441772461,0.36720073223114014,3
0.21470405161380768,0.24555693566799164,0.589263916015625,0.1860392689704895,1
0.8521637916564941,0.8230018615722656,0.18267682194709778,0.7753864526748657,7
0.6396306753158569,0.4423043727874756,0.6691278219223022,0.3823240101337433,3
0.7997233271598816,0.4798218905925751,0.4771462380886078,0.4494200348854065,4
0.5626156330108643,0.3437139093875885,0.16058449447155,0.3481096923351288,3
0.0351862870156765,0.46405836939811707,0.9473822116851807,0.17377355694770813,1
0.22365157306194305,0.33119553327560425,0.8527401685714722,0.20453953742980957,1
0.7503076791763306,0.8440031409263611,0.8949735164642334,0.7324472069740295,7
0.19145174324512482,0.6935486793518066,0.21106484532356262,0.4819549024105072,4
0.6781947612762451,0.41310691833496094,0.8496306538581848,0.36164453625679016,3
0.018609555438160896,0.1316308081150055,0.43891453742980957,0.059031564742326736,0
0.8979166746139526,0.939605176448822,0.40844666957855225,0.9049543738365173,9
0.6680532693862915,0.3842785954475403,0.8581245541572571,0.3437613844871521,3
0.7826576828956604,0.6855535507202148,0.1446152925491333,0.6274944543838501,6
0.8441563844680786,0.07957568764686584,0.4881184995174408,0.3080672025680542,2
0.6060900092124939,0.4863046407699585,0.8410870432853699,0.3909875154495239,3
0.9344000220298767,0.23356114327907562,0.75002521276474,0.3386475741863251,3
0.5287202000617981,0.7075663208961487,0.3847651779651642,0.5796021223068237,5
0.3768366575241089,0.7516803741455078,0.33007505536079407,0.588363528251648,5
0.8428248763084412,0.6293595433235168,0.43223726749420166,0.5704292058944702,5
0.9806938171386719,0.2060709446668625,0.26188114285469055,0.3708699941635132,3
0.37321606278419495,0.823885977268219,0.7887277603149414,0.6324625015258789,6
0.291973739862442,0.5689476132392883,0.12411477416753769,0.41740742325782776,3
0.9356275796890259,0.376950204372406,0.7676694393157959,0.39584481716156006,3
0.3998972475528717,0.8438754081726074,0.24608074128627777,0.6977357864379883,6
0.25484606623649597,0.5297059416770935,0.792330265045166,0.3326358497142792,3
0.7651604413986206,0.1593194305896759,0.10886368900537491,0.3312948942184448,3
0.4857708811759949,0.8749954104423523,0.6473345160484314,0.7280595302581787,7
0.25880900025367737,0.09377825260162354,0.3316379487514496,0.1839503049850464,1
0.3529764413833618,0.7948342561721802,0.7044973969459534,0.6012585759162903,5
0.6805001497268677,0.777977705001831,0.6926308274269104,0.6610788702964783,6
0.5022168755531311,0.0898095890879631,0.2162279188632965,0.25750532746315,2
0.19508934020996094,0.8072716593742371,0.4426279366016388,0.5812659859657288,5
0.3917974829673767,0.6989345550537109,0.48273736238479614,0.5314409732818604,5
0.28237661719322205,0.7128648161888123,0.2545870840549469,0.5282520651817322,5
0.7983844876289368,0.4955582320690155,0.12305545806884766,0.4828662574291229,4
0.5990644097328186,0.012470616959035397,0.031129799783229828,0.2861922085285187,2
0.41597020626068115,0.14441464841365814,0.968331515789032,0.1949440836906433,1
0.7812062501907349,0.12536336481571198,0.4687415361404419,0.3040069341659546,2
0.044418659061193466,0.4514135420322418,0.06858338415622711,0.23209483921527863,2
0.013843581080436707,0.3171905279159546,0.6846129894256592,0.09188272058963776,0
0.39360180497169495,0.1684904396533966,0.6641185283660889,0.21430963277816772,1
0.7571265697479248,0.362920880317688,0.8068256974220276,0.3540934920310974,3
0.5558573603630066,0.8108518123626709,0.738793671131134,0.6663363575935364,6
0.12759007513523102,0.05856190249323845,0.5533657073974609,0.11535880714654922,0
0.8179702758789062,0.2286442667245865,0.8497644066810608,0.30985474586486816,2
0.6598869562149048,0.30125248432159424,0.40298226475715637,0.3344995081424713,3
0.01776108518242836,0.9482859969139099,0.3263312876224518,0.651056706905365,6
0.5088137984275818,0.8999035954475403,0.07423259317874908,0.8008707761764526,7
0.13182009756565094,0.5661264061927795,0.6372655034065247,0.3223780393600464,3
0.2560763359069824,0.6461732387542725,0.8499971032142639,0.4201425611972809,4
0.3916145861148834,0.2537682354450226,0.8702402114868164,0.224037766456604,1
0.0851736068725586,0.07578008621931076,0.29584643244743347,0.1123112216591835,0
0.12307348847389221,0.9645441770553589,0.40783390402793884,0.7383944988250732,7
0.3682776689529419,0.19197875261306763,0.523378312587738,0.22246873378753662,1
0.4442726671695709,0.5779617428779602,0.5991054177284241,0.434640496969223,4
0.662343442440033,0.7385839223861694,0.7479847073554993,0.614064633846283,6
0.6105508804321289,0.24012629687786102,0.807841420173645,0.27536019682884216,2
0.27781304717063904,0.3266553580760956,0.7320607900619507,0.228545144200325,2
0.7307555675506592,0.7828783988952637,0.9600257277488708,0.6583428382873535,6
0.9196395874023438,0.7497624754905701,0.7656460404396057,0.6721286177635193,6
0.6671046614646912,0.4698761999607086,0.8167782425880432,0.39486902952194214,3
0.1985250860452652,0.03205098584294319,0.16965997219085693,0.16854740679264069,1
0.14323243498802185,0.8979917764663696,0.6741350889205933,0.6476095914840698,6
0.7438550591468811,0.8325144052505493,0.2776987552642822,0.7593927979469299,7
0.5567477345466614,0.8958020806312561,0.9100190997123718,0.751412034034729,7
0.1649932861328125,0.7931671738624573,0.8759552240371704,0.5257374048233032,5
0.7855399250984192,0.8156821131706238,0.027466196566820145,0.7654996514320374,7
0.8363258242607117,0.4669937491416931,0.1408282220363617,0.4703965485095978,4
0.5169307589530945,0.5985782146453857,0.9133362770080566,0.44730034470558167,4
0.3053615987300873,0.9621433615684509,0.1733165979385376,0.8178656101226807,8
0.28531718254089355,0.5993927121162415,0.07196036726236343,0.4424297511577606,4
0.33380457758903503,0.3803812563419342,0.7616161108016968,0.26863983273506165,2
0.05626530572772026,0.9702706336975098,0.4084872305393219,0.7080172300338745,6
0.9085002541542053,0.14318452775478363,0.8014832735061646,0.3081149160861969,2
0.09534351527690887,0.7611035108566284,0.023362023755908012,0.5169169306755066,5
0.20532013475894928,0.3257465064525604,0.7877621650695801,0.1999034732580185,1
0.5295355319976807,0.6183272004127502,0.7329710125923157,0.47812125086784363,4
0.3453567922115326,0.688269317150116,0.3922460973262787,0.5149204134941101,4
0.4726618826389313,0.8969703316688538,0.17410235106945038,0.7821744680404663,7
0.8745272159576416,0.051054079085588455,0.269106924533844,0.325557142496109,3
0.3653065860271454,0.6018528342247009,0.8197836875915527,0.41807985305786133,3
0.676311731338501,0.2674676477909088,0.6201418042182922,0.3106558322906494,2
0.3828730881214142,0.2475288063287735,0.24087007343769073,0.2614012062549591,2
0.4444050192832947,0.6932775974273682,0.2502339482307434,0.5551573634147644,5
0.7107136845588684,0.6636109352111816,0.07792214304208755,0.5984401106834412,5
0.6034718751907349,0.9949843287467957,0.4735938310623169,0.9150500893592834,9
0.3071266710758209,0.2617277204990387,0.8940010666847229,0.2014157772064209,1
0.8582084774971008,0.0042645749635994434,0.3150625228881836,0.31785547733306885,2
0.07067983597517014,0.1474078893661499,0.5151706337928772,0.09977660328149796,0
0.4678763151168823,0.6951807737350464,0.104947529733181,0.5723247528076172,5
0.5172191858291626,0.3972620964050293,0.25960808992385864,0.3576325476169586,3
0.5505688786506653,0.19810570776462555,0.3891005516052246,0.2778405249118805,2
0.7590621113777161,0.8509784936904907,0.759157121181488,0.750983476638794,7
0.2840120494365692,0.7070105671882629,0.8094366192817688,0.4864161014556885,4
0.6990005373954773,0.11315740644931793,0.43743667006492615,0.28827646374702454,2
0.227765753865242,0.7626822590827942,0.18466487526893616,0.5637195110321045,5
0.9030764102935791,0.6419640183448792,0.8731796145439148,0.5625091195106506,5
0.47823384404182434,0.8569965362548828,0.738386332988739,0.6995198130607605,6
0.7007281184196472,0.7978789210319519,0.17088791728019714,0.7205697298049927,7
0.012069135904312134,0.9306936264038086,0.7435641288757324,0.593694269657135,5
0.7047091126441956,0.5896275639533997,0.07827186584472656,0.5356727242469788,5
0.9093069434165955,0.8232666850090027,0.6293845176696777,0.756136417388916,7
0.4924295246601105,0.09318159520626068,0.9366103410720825,0.20779764652252197,1
0.6203711628913879,0.10237812995910645,0.9138992428779602,0.23902542889118195,2
0.08870001882314682,0.3764397203922272,0.9378525614738464,0.16204878687858582,1
0.9681699275970459,0.36006540060043335,0.1369229257106781,0.4349822998046875,4
0.38216257095336914,0.31266140937805176,0.5488913655281067,0.2650083601474762,2
0.6049920320510864,0.26675575971603394,0.7898005247116089,0.2843434810638428,2
0.0993310734629631,0.5092069506645203,0.2800258696079254,0.2895529866218567,2
0.24370934069156647,0.7930022478103638,0.12762340903282166,0.6042697429656982,5
0.9058271646499634,0.7748797535896301,0.011867057532072067,0.74518221616745,7
0.6729097962379456,0.1298801451921463,0.4040493071079254,0.28796741366386414,2
0.4428052604198456,0.6111192107200623,0.7660456299781799,0.44937193393707275,4
0.628767728805542,0.4556283950805664,0.725446879863739,0.3842664659023285,3
0.7034077048301697,0.3881911337375641,0.40392541885375977,0.38300448656082153,3
0.308195561170578,0.034800268709659576,0.6099725365638733,0.175825834274292,1
0.09807147830724716,0.5353092551231384,0.8813674449920654,0.2670781910419464,2
0.4329662322998047,0.6028143763542175,0.409913033246994,0.46384793519973755,4
0.8843458890914917,0.08877275884151459,0.4394353926181793,0.31950825452804565,2
0.05044309422373772,0.7219182848930359,0.7270533442497253,0.40371173620224,3
0.25522124767303467,0.012920631095767021,0.10569774359464645,0.1920076310634613,1
0.3666189908981323,0.19082456827163696,0.27308130264282227,0.2383340299129486,2
0.27832362055778503,0.7073487639427185,0.46598073840141296,0.5077495574951172,4
0.5038392543792725,0.9806517362594604,0.5052533149719238,0.8719007968902588,8
0.9814964532852173,0.2033097892999649,0.3880137801170349,0.36188119649887085,3
0.6922454833984375,0.3139224648475647,0.7026627063751221,0.3263206481933594,3
0.03006374090909958,0.8602174520492554,0.3705905079841614,0.5556625723838806,5
0.17799019813537598,0.8396769165992737,0.9697409272193909,0.5751360654830933,5
0.5664461851119995,0.6295389533042908,0.7399096488952637,0.4952285885810852,4
0.37210872769355774,0.8036888837814331,0.2510174512863159,0.6460293531417847,6
0.7011057734489441,0.6832371354103088,0.9636021852493286,0.5553046464920044,5
0.9308342337608337,0.39178481698036194,0.4281793236732483,0.42512863874435425,4
0.10264387726783752,0.5096146464347839,0.7579926252365112,0.25983360409736633,2
0.29800519347190857,0.6954299211502075,0.910454511642456,0.47323477268218994,4
0.8424981236457825,0.9904879927635193,0.9512617588043213,0.9242514371871948,9
0.7374289631843567,0.38461488485336304,0.9061911702156067,0.35448646545410156,3
0.9877195358276367,0.06406273692846298,0.36646947264671326,0.33957943320274353,3
0.6443344950675964,0.8483703136444092,0.4255920946598053,0.7474241852760315,7
0.9753627181053162,0.558051586151123,0.23079559206962585,0.5506753921508789,5
0.4713842272758484,0.3796280026435852,0.3207533061504364,0.33364933729171753,3
0.39336350560188293,0.502349317073822,0.7753618359565735,0.3556381165981293,3
0.24609951674938202,0.05731843039393425,0.7156592607498169,0.15058891475200653,1
0.7967008948326111,0.07485632598400116,0.018916655331850052,0.3300248682498932,3
0.46041348576545715,0.2894422709941864,0.5507270097732544,0.2756337821483612,2
0.9397920370101929,0.8214280009269714,0.8731946349143982,0.7432102560997009,7
0.5359321236610413,0.5119031071662903,0.6111236810684204,0.40779805183410645,3
0.8179874420166016,0.8562347888946533,0.05907139927148819,0.8144270181655884,8
0.5128849744796753,0.8184487819671631,0.43454480171203613,0.684986412525177,6
0.5260578393936157,0.007187935058027506,0.34720760583877563,0.24897336959838867,2
0.21299542486667633,0.7014314532279968,0.2320287823677063,0.49581775069236755,4
0.744442343711853,0.7471949458122253,0.6544929146766663,0.6450223922729492,6
0.05278956517577171,0.166910320520401,0.7562956213951111,0.07587982714176178,0
0.71476149559021,0.6248852610588074,0.12377799302339554,0.5630640983581543,5
0.8747897744178772,0.038810793310403824,0.6220205426216125,0.30144330859184265,2
0.971336841583252,0.8818298578262329,0.07845868915319443,0.8696128129959106,8
0.45782366394996643,0.46118175983428955,0.9861528277397156,0.3317212164402008,3
0.5917206406593323,0.46340277791023254,0.5493923425674438,0.3928225338459015,3
0.14860478043556213,0.27958640456199646,0.4367518424987793,0.18219079077243805,1
0.7067281007766724,0.8522027134895325,0.7895413637161255,0.7402002215385437,7
0.1995028704404831,0.4902103841304779,0.06979784369468689,0.33453693985939026,3
0.016118453815579414,0.8860543370246887,0.2006543129682541,0.5815369486808777,5
0.06800910830497742,0.6294812560081482,0.8161599040031433,0.32686230540275574,3
0.8085381984710693,0.7894436120986938,0.9461978673934937,0.6808379292488098,6
0.1738240271806717,0.0787465050816536,0.9389004111289978,0.11143974959850311,0
0.45067062973976135,0.9266576766967773,0.02535771206021309,0.8226116299629211,8
0.2711299657821655,0.5942181348800659,0.38989022374153137,0.4127616882324219,3
0.7000747323036194,0.4338746964931488,0.6603454947471619,0.3902660012245178,3
0.7118050456047058,0.35962462425231934,0.014480176381766796,0.39632195234298706,3
0.8707548975944519,0.32152146100997925,0.6833229064941406,0.3643917441368103,3
0.34884151816368103,0.8768113851547241,0.8098692297935486,0.6840755939483643,6
0.7561668157577515,0.22520707547664642,0.6196092963218689,0.31252628564834595,2
0.5710080862045288,0.2023230493068695,0.6275654435157776,0.26766666769981384,2
0.808172345161438,0.12284212559461594,0.2876218557357788,0.3206344544887543,2
0.11124645173549652,0.4032866954803467,0.4458763301372528,0.22045475244522095,1
0.47150662541389465,0.6265378594398499,0.4620872437953949,0.48926466703414917,4
0.29752880334854126,0.9970993399620056,0.02058880589902401,0.8710958957672119,8
0.852849006652832,0.2333359569311142,0.7239282727241516,0.3259833753108978,3
0.015049934387207031,0.2786770761013031,0.5445271730422974,0.08759070187807083,0
0.9165704846382141,0.46271178126335144,0.34666427969932556,0.4683251976966858,4
0.4768425524234772,0.1626923829317093,0.8303912281990051,0.22296682000160217,1
0.26956459879875183,0.014120270498096943,0.7144572138786316,0.1562720537185669,1
0.7236215472221375,0.27817976474761963,0.3092074692249298,0.3445669412612915,3
0.18491454422473907,0.6024148464202881,0.4936011731624603,0.3822876513004303,3
0.7491143941879272,0.9227193593978882,0.841668963432312,0.8280736207962036,8
0.5845258235931396,0.5655283331871033,0.8594815135002136,0.44045838713645935,4
0.7362926006317139,0.14224693179130554,0.36341696977615356,0.305442750453949,2
0.9957578778266907,0.27526894211769104,0.13944637775421143,0.40364760160446167,3
0.9077765941619873,0.8428423404693604,0.9931054711341858,0.7533794045448303,7
0.021014630794525146,0.7366567850112915,0.6988620758056641,0.39348384737968445,3
0.9749582409858704,0.733584463596344,0.1206313744187355,0.7084468603134155,6
